商品名,URL,小分類,効能効果１,効能効果２,特徴,エキス,生薬,添加物,1日容量,用法用量,使用上の注意,用法に関する注意
葛根湯エキス細粒V「コタロー」,https://www.kegg.jp/medicus-bin/japic_otc?japic_code=J0901000388,葛根湯,,感冒、鼻かぜ、頭痛、肩こり、筋肉痛、手や肩の痛み,"◇かぜはひきはじめが肝心で、この時期に十分な静養をとるなどして治すことが大切です。
　葛根湯エキス細粒V「コタロー」は、かぜの初期に用いられる漢方薬で、鼻がグズグズしてかぜをひいたかなというときにぞくぞくとする寒けや頭痛があり、熱はあるが汗はでていないといったときに効果があります。
◇肩こりや筋肉痛にも用いられます。",葛根湯エキス(5g),カッコン(8g)、タイソウ(4g)、マオウ(4g)、ケイヒ(3g)、シャクヤク(3g)、カンゾウ(2g)、ショウキョウ(1g),含水二酸化ケイ素、ステアリン酸マグネシウム,3包,"食前又は食間に服用してください。
食間とは……食後2～3時間を指します。

［年齢：1回量：1日服用回数］
大人（15歳以上）：1包：3回
15歳未満7歳以上：2／3包：3回
7歳未満4歳以上：1／2包：3回
4歳未満2歳以上：1／3包：3回
2歳未満：1／4包：3回","■してはいけないこと
（守らないと現在の症状が悪化したり、副作用が起こりやすくなります）
 

 次の人は服用しないでください
　生後3ヵ月未満の乳児。
 


 ■相談すること
 

 1．次の人は服用前に医師、薬剤師又は登録販売者に相談してください
　（1）医師の治療を受けている人。
　（2）妊婦又は妊娠していると思われる人。
　（3）体の虚弱な人（体力の衰えている人、体の弱い人）。
　（4）胃腸の弱い人。
　（5）発汗傾向の著しい人。
　（6）高齢者。
　（7）今までに薬などにより発疹・発赤、かゆみ等を起こしたことがある人。
　（8）次の症状のある人。
　　むくみ、排尿困難
　（9）次の診断を受けた人。
　　高血圧、心臓病、腎臓病、甲状腺機能障害
2．服用後、次の症状があらわれた場合は副作用の可能性がありますので、直ちに服用を中止し、この文書を持って医師、薬剤師又は登録販売者に相談してください

［関係部位：症状］
皮膚：発疹・発赤、かゆみ
消化器：吐き気、食欲不振、胃部不快感

　まれに次の重篤な症状が起こることがあります。その場合は直ちに医師の診療を受けてください。

［症状の名称：症状］
偽アルドステロン症：手足のだるさ、しびれ、つっぱり感やこわばりに加えて、脱力感、筋肉痛があらわれ、徐々に強くなる。
ミオパチー：手足のだるさ、しびれ、つっぱり感やこわばりに加えて、脱力感、筋肉痛があらわれ、徐々に強くなる。
肝機能障害：発熱、かゆみ、発疹、黄疸（皮膚や白目が黄色くなる）、褐色尿、全身のだるさ、食欲不振等があらわれる。

3．1ヵ月位（感冒の初期、鼻かぜ、頭痛に服用する場合には5～6回）服用しても症状がよくならない場合は服用を中止し、この文書を持って医師、薬剤師又は登録販売者に相談してください
4．長期連用する場合には、医師、薬剤師又は登録販売者に相談してください","（1）小児に服用させる場合には、保護者の指導監督のもとに服用させてください。
（2）1歳未満の乳児には、医師の診療を受けさせることを優先し、やむを得ない場合にのみ服用させてください。"
葛根湯エキス錠A「コタロー」,https://www.kegg.jp/medicus-bin/japic_otc?japic_code=J2201000186,葛根湯,体力中等度以上のものの次の諸症：,感冒の初期（汗をかいていないもの）、鼻かぜ、鼻炎、頭痛、肩こり、筋肉痛、手や肩の痛み,"本剤は、かぜや肩こりなどの漢方薬として用いられる処方です。
　葛根湯エキス錠A「コタロー」（満量）は、食欲はあるが、体がゾクゾクして寒気がしたり、熱が出ても汗が出ない、頭痛があり肩や首筋がこったり、ふしぶしが痛い、といったかぜに効果があります。
　また、かぜに関係なく肩こりや筋肉痛にも用いられます。",葛根湯エキス散(4.4g),カッコン(4g)、タイソウ(3g)、マオウ(3g)、カンゾウ(2g)、ケイヒ(2g)、シャクヤク(2g)、ショウキョウ(1g),含水二酸化ケイ素、クロスカルメロースナトリウム(クロスCMC-Na)、軽質無水ケイ酸、酸化チタン、ステアリン酸マグネシウム、タルク、トウモロコシデンプン、ヒプロメロース(ヒドロキシプロピルメチルセルロース)、カラメル、カルナウバロウ、サラシミツロウ,12錠,"食前又は食間に服用してください。
食間とは……食後2～3時間を指します。

［年齢：1回量：1日服用回数］
大人（15歳以上）：4錠：3回
15歳未満5歳以上：2錠：3回
5歳未満：服用しないでください","■相談すること
 

 1．次の人は服用前に医師、薬剤師又は登録販売者に相談してください
　（1）医師の治療を受けている人。
　（2）妊婦又は妊娠していると思われる人。
　（3）体の虚弱な人（体力の衰えている人、体の弱い人）。
　（4）胃腸の弱い人。
　（5）発汗傾向の著しい人。
　（6）高齢者。
　（7）今までに薬などにより発疹・発赤、かゆみ等を起こしたことがある人。
　（8）次の症状のある人。
　　むくみ、排尿困難
　（9）次の診断を受けた人。
　　高血圧、心臓病、腎臓病、甲状腺機能障害
2．服用後、次の症状があらわれた場合は副作用の可能性がありますので、直ちに服用を中止し、この文書を持って医師、薬剤師又は登録販売者に相談してください

［関係部位：症状］
皮膚：発疹・発赤、かゆみ
消化器：吐き気、食欲不振、胃部不快感

　まれに次の重篤な症状が起こることがあります。その場合は直ちに医師の診療を受けてください。

［症状の名称：症状］
偽アルドステロン症：手足のだるさ、しびれ、つっぱり感やこわばりに加えて、脱力感、筋肉痛があらわれ、徐々に強くなる。
ミオパチー：手足のだるさ、しびれ、つっぱり感やこわばりに加えて、脱力感、筋肉痛があらわれ、徐々に強くなる。
肝機能障害：発熱、かゆみ、発疹、黄疸（皮膚や白目が黄色くなる）、褐色尿、全身のだるさ、食欲不振等があらわれる。

3．1ヵ月位（感冒の初期、鼻かぜ、頭痛に服用する場合には5～6回）服用しても症状がよくならない場合は服用を中止し、この文書を持って医師、薬剤師又は登録販売者に相談してください
4．長期連用する場合には、医師、薬剤師又は登録販売者に相談してください",小児に服用させる場合には、保護者の指導監督のもとに服用させてください。
チクラック,https://www.kegg.jp/medicus-bin/japic_otc?japic_code=J2201000147,辛夷清肺湯,体力中等度以上で、濃い鼻汁が出て、ときに熱感を伴うものの次の諸症：,鼻づまり、慢性鼻炎、蓄膿症（副鼻腔炎）,"本剤は、漢方の古典「外科正宗」（明代）収載の処方（辛夷清肺湯）にもとづいてつくられたエキスを、飲みやすく錠剤としたものです。
　最近は食生活や環境の変化などにより、鼻がつまって、スッキリしない方が増えています。
　チクラックは、濃厚な鼻汁が出たり、鼻がつまり、乾燥気味で熱感があるような蓄膿症（副鼻腔炎）や慢性鼻炎などを改善する漢方薬です。",辛夷清肺湯エキス散(3.24g),セッコウ(2.5g)、バクモンドウ(2.5g)、オウゴン(1.5g)、サンシシ(1.5g)、チモ(1.5g)、ビャクゴウ(1.5g)、シンイ(1g)、ビワヨウ(1g)、ショウマ(0.5g),含水二酸化ケイ素、クロスカルメロースナトリウム(クロスCMC-Na)、軽質無水ケイ酸、ステアリン酸マグネシウム、低置換度ヒドロキシプロピルセルロース、トウモロコシデンプン,12錠,"食前または食間に服用してください。
食間とは……食後2～3時間を指します。

［年齢：1回量：1日服用回数］
大人（15歳以上）：4錠：3回
15歳未満7歳以上：3錠：3回
7歳未満5歳以上：2錠：3回
5歳未満：服用しないでください","■相談すること
 

 1．次の人は服用前に医師、薬剤師または登録販売者に相談してください
　（1）医師の治療を受けている人。
　（2）妊婦または妊娠していると思われる人。
　（3）体の虚弱な人（体力の衰えている人、体の弱い人）。
　（4）胃腸虚弱で冷え症の人。
2．服用後、次の症状があらわれた場合は副作用の可能性がありますので、直ちに服用を中止し、この文書を持って医師、薬剤師または登録販売者に相談してください

［関係部位：症状］
消化器：食欲不振、胃部不快感

　まれに次の重篤な症状が起こることがあります。その場合は直ちに医師の診療を受けてください。

［症状の名称：症状］
間質性肺炎：階段を上ったり、少し無理をしたりすると息切れがする・息苦しくなる、空せき、発熱等がみられ、これらが急にあらわれたり、持続したりする。
肝機能障害：発熱、かゆみ、発疹、黄疸（皮膚や白目が黄色くなる）、褐色尿、全身のだるさ、食欲不振等があらわれる。
腸間膜静脈硬化症：長期服用により、腹痛、下痢、便秘、腹部膨満等が繰り返しあらわれる。

3．1ヵ月位服用しても症状がよくならない場合は服用を中止し、この文書を持って医師、薬剤師または登録販売者に相談してください
4．長期連用する場合には、医師、薬剤師または登録販売者に相談してください",小児に服用させる場合には、保護者の指導監督のもとに服用させてください。
ボーラック,https://www.kegg.jp/medicus-bin/japic_otc?japic_code=J1501000265,五淋散,体力中等度のものの次の諸症：,排尿痛、頻尿、残尿感、尿のにごり,"ちょっとしたかぜや、からだ（特に下半身）が冷えたり、疲れたとき、あるいは排尿を長時間我慢したことが引き金となって、昼夜を問わずトイレが近くなり、そのたびに耐えられない排尿痛があり、尿の色が濃いまたは濁っている、といったことが起こることがあります。
　一般に女性に多いものですが、専門的な治療を受けてよくなっても、患部に不快感や残尿感がのこっていたり、すぐまた再発する場合も少なくありません。
　ボーラックは、このような泌尿器の炎症による症状をとるのに用いられる漢方薬です。",エキス散(3.36g),ブクリョウ(3g)、オウゴン(1.5g)、カッセキ(1.5g)、カンゾウ(1.5g)、ジオウ(1.5g)、シャゼンシ(1.5g)、タクシャ(1.5g)、トウキ(1.5g)、モクツウ(1.5g)、サンシシ(1g)、シャクヤク(1g),含水二酸化ケイ素、カンテン末、クロスカルメロースナトリウム(クロスCMC-Na)、軽質無水ケイ酸、ステアリン酸マグネシウム、マクロゴール6000,6錠,"食前または食間に服用してください。
食間とは……食後2～3時間を指します。

［年齢：1回量：1日服用回数］
大人（15歳以上）及び7歳以上：2錠：3回
7歳未満5歳以上：1錠：3回
5歳未満：服用しないでください","■相談すること
 

 1．次の人は服用前に医師、薬剤師または登録販売者に相談してください
　（1）医師の治療を受けている人。
　（2）妊婦または妊娠していると思われる人。
　（3）胃腸が弱く下痢しやすい人。
　（4）高齢者。
　（5）次の症状のある人。
　　むくみ
　（6）次の診断を受けた人。
　　高血圧、心臓病、腎臓病
2．服用後、次の症状があらわれた場合は副作用の可能性がありますので、直ちに服用を中止し、この文書を持って医師、薬剤師または登録販売者に相談してください

［関係部位：症状］
消化器：食欲不振、胃部不快感

　まれに次の重篤な症状が起こることがあります。その場合は直ちに医師の診療を受けてください。

［症状の名称：症状］
間質性肺炎：階段を上ったり、少し無理をしたりすると息切れがする・息苦しくなる、空せき、発熱等がみられ、これらが急にあらわれたり、持続したりする。
偽アルドステロン症：手足のだるさ、しびれ、つっぱり感やこわばりに加えて、脱力感、筋肉痛があらわれ、徐々に強くなる。
ミオパチー：手足のだるさ、しびれ、つっぱり感やこわばりに加えて、脱力感、筋肉痛があらわれ、徐々に強くなる。
腸間膜静脈硬化症：長期服用により、腹痛、下痢、便秘、腹部膨満等が繰り返しあらわれる。

3．服用後、次の症状があらわれることがありますので、このような症状の持続または増強が見られた場合には、服用を中止し、この文書を持って医師、薬剤師または登録販売者に相談してください
　下痢
4．1ヵ月位服用しても症状がよくならない場合は服用を中止し、この文書を持って医師、薬剤師または登録販売者に相談してください
5．長期連用する場合には、医師、薬剤師または登録販売者に相談してください","（1）定められた用法・用量を厳守してください。
（2）小児に服用させる場合には、保護者の指導監督のもとに服用させてください。
（3）カプレット（錠剤）の取り出し方
　カプレットの入っているPTPシートの凸部を指先で強く押して、裏面のアルミ箔を破り、アルミ片を除いて取り出してから服用してください。（誤ってそのまま飲み込んだりすると食道粘膜に突き刺さる等思わぬ事故につながります）"
満量・芍薬甘草湯エキス錠N「コタロー」,https://www.kegg.jp/medicus-bin/japic_otc?japic_code=J2301000239,芍薬甘草湯,体力に関わらず使用でき、筋肉の急激なけいれんを伴う痛みのあるものの次の諸症：,こむらがえり、筋肉のけいれん、腹痛、腰痛,,芍薬甘草湯エキス散(3000mg),カンゾウ(5g)、シャクヤク(5g),二酸化ケイ素、クロスカルメロースナトリウム(クロスCMC-Na)、無水ケイ酸、ステアリン酸マグネシウム,9錠,"次の量を1日3回、食前又は食間に服用すること。

大人（15歳以上）：1回　3錠
15歳未満7歳以上：1回　2錠
7歳未満5歳以上：1回　1錠
5歳未満：服用しないこと

※食間とは食後2～3時間を指す。","■してはいけないこと
（守らないと現在の症状が悪化したり、副作用が起こりやすくなる）
 

 1．次の診断を受けた人は服用しないこと：心臓病
2．症状があるときのみの服用にとどめ、連用しないこと
 


 ■相談すること
 

 1．次の人は服用前に医師、薬剤師又は登録販売者に相談すること
　（1）医師の治療を受けている人。
　（2）妊婦又は妊娠していると思われる人。
　（3）高齢者。
　（4）次の症状のある人：むくみ
　（5）次の診断を受けた人：高血圧、腎臓病
2．服用後、まれに次の重篤な症状が起こることがある。その場合は副作用の可能性があるので、直ちに服用を中止し、この袋を持って医師の診療を受けること

［症状の名称：症状］
間質性肺炎：階段を上ったり、少し無理をしたりすると息切れがする・息苦しくなる、空せき、発熱等がみられ、これらが急にあらわれたり、持続したりする。
偽アルドステロン症：手足のだるさ、しびれ、つっぱり感やこわばりに加えて、脱力感、筋肉痛があらわれ、徐々に強くなる。
ミオパチー：手足のだるさ、しびれ、つっぱり感やこわばりに加えて、脱力感、筋肉痛があらわれ、徐々に強くなる。
うっ血性心不全：全身のだるさ、動悸、息切れ、胸部の不快感、胸が痛む、めまい、失神等があらわれる。
心室頻拍：全身のだるさ、動悸、息切れ、胸部の不快感、胸が痛む、めまい、失神等があらわれる。
肝機能障害：発熱、かゆみ、発疹、黄疸（皮膚や白目が黄色くなる）、褐色尿、全身のだるさ、食欲不振等があらわれる。

3．5～6回服用しても症状がよくならない場合は服用を中止し、この袋を持って医師、薬剤師又は登録販売者に相談すること","（1）定められた用法・用量を厳守すること。
（2）小児に服用させる場合には、保護者の指導監督のもとに服用させること。"
満量・麦門冬湯エキス細粒V「コタロー」,https://www.kegg.jp/medicus-bin/japic_otc?japic_code=J2501000130,麦門冬湯,体力中等度以下で、たんが切れにくく、ときに強くせきこみ、又は咽頭の乾燥感があるものの次の諸症：,からぜき、気管支炎、気管支ぜんそく、咽頭炎、しわがれ声,"気道に潤いがなく乾燥すると、痰がのどにへばりついて出しにくくなり、コンコンと乾いたせきが出やすくなります。麦門冬湯は気道を潤し、からぜきなどの症状を改善する漢方薬です。
　満量・麦門冬湯エキス細粒V「コタロー」は、気管支炎や気管支ぜんそくなどで、せきを頻発したり、痰が粘くて切れにくいせきに用いられます。また、のどの痛みやのどの使い過ぎによる声がれにも適しています。",麦門冬湯エキス散(8.48g),バクモンドウ(10g)、コウベイ(5g)、ハンゲ(5g)、タイソウ(3g)、カンゾウ(2g)、ニンジン(2g),含水二酸化ケイ素、軽質無水ケイ酸、ステアリン酸マグネシウム,3包,"食前又は食間に服用してください。
食間とは……食後2～3時間を指します。

［年齢：1回量：1日服用回数］
大人（15歳以上）：1包：3回
15歳未満7歳以上：2／3包：3回
7歳未満4歳以上：1／2包：3回
4歳未満2歳以上：1／3包：3回
2歳未満：1／4包：3回","■してはいけないこと
（守らないと現在の症状が悪化したり、副作用が起こりやすくなります）
 

 次の人は服用しないでください
　生後3ヵ月未満の乳児。
 


 ■相談すること
 

 1．次の人は服用前に医師、薬剤師又は登録販売者に相談してください
　（1）医師の治療を受けている人。
　（2）妊婦又は妊娠していると思われる人。
　（3）水様性の痰の多い人。
　（4）高齢者。
　（5）次の症状のある人。
　　むくみ
　（6）次の診断を受けた人。
　　高血圧、心臓病、腎臓病
2．服用後、次の症状があらわれた場合は副作用の可能性がありますので、直ちに服用を中止し、この文書を持って医師、薬剤師又は登録販売者に相談してください

［関係部位：症状］
消化器：食欲不振、胃部不快感

　まれに次の重篤な症状が起こることがあります。その場合は直ちに医師の診療を受けてください。

［症状の名称：症状］
間質性肺炎：階段を上ったり、少し無理をしたりすると息切れがする・息苦しくなる、空せき、発熱等がみられ、これらが急にあらわれたり、持続したりする。
偽アルドステロン症：手足のだるさ、しびれ、つっぱり感やこわばりに加えて、脱力感、筋肉痛があらわれ、徐々に強くなる。
ミオパチー：手足のだるさ、しびれ、つっぱり感やこわばりに加えて、脱力感、筋肉痛があらわれ、徐々に強くなる。
肝機能障害：発熱、かゆみ、発疹、黄疸（皮膚や白目が黄色くなる）、褐色尿、全身のだるさ、食欲不振等があらわれる。

3．1ヵ月位（からぜきに服用する場合には1週間位）服用しても症状がよくならない場合は服用を中止し、この文書を持って医師、薬剤師又は登録販売者に相談してください
4．長期連用する場合には、医師、薬剤師又は登録販売者に相談してください","（1）小児に服用させる場合には、保護者の指導監督のもとに服用させてください。
（2）1歳未満の乳児には、医師の診療を受けさせることを優先し、やむを得ない場合にのみ服用させてください。"
満量・防風通聖散エキス錠「コタロー」,https://www.kegg.jp/medicus-bin/japic_otc?japic_code=J2201000119,防風通聖散,体力充実して、腹部に皮下脂肪が多く、便秘がちなものの次の諸症：,肥満症、高血圧や肥満に伴う動悸・肩こり・のぼせ・むくみ・便秘、蓄膿症（副鼻腔炎）、湿疹・皮膚炎、吹出物（にきび）,"本剤は、便秘を改善し、排尿、発汗を促して体内の老廃物を取り去る効果があります。これらにより体調を整え、脂肪が多い肥満体質を改善する処方です。
　満量・防風通聖散エキス錠「コタロー」は、便秘がちで、特に腹部の皮下脂肪が厚い脂肪太りの方に用いられ、また同時に高血圧に伴う症状がある場合にも効果があります。",防風通聖散エキス(6g),カッセキ(3g)、オウゴン(2g)、カンゾウ(2g)、キキョウ(2g)、セッコウ(2g)、ビャクジュツ(2g)、ダイオウ(1.5g)、ケイガイ(1.2g)、サンシシ(1.2g)、シャクヤク(1.2g)、センキュウ(1.2g)、トウキ(1.2g)、ハッカ(1.2g)、ボウフウ(1.2g)、マオウ(1.2g)、レンギョウ(1.2g)、無水ボウショウ(0.7g)、ショウキョウ(0.3g),酸化チタン、ステアリン酸マグネシウム、タルク、低置換度ヒドロキシプロピルセルロース、トウモロコシデンプン、ヒプロメロース(ヒドロキシプロピルメチルセルロース)、メタケイ酸アルミン酸マグネシウム、カルナウバロウ,15錠,"食前又は食間に服用してください。
食間とは……食後2～3時間を指します。

［年齢：1回量：1日服用回数］
大人（15歳以上）：5錠：3回
15歳未満7歳以上：3錠：3回
7歳未満5歳以上：2錠：3回
5歳未満：服用しないでください","■してはいけないこと
（守らないと現在の症状が悪化したり、副作用が起こりやすくなります）
 

 1．本剤を服用している間は、次の医薬品を服用しないでください
　他の瀉下薬（下剤）
2．授乳中の人は本剤を服用しないか、本剤を服用する場合は授乳を避けてください
 


 ■相談すること
 

 1．次の人は服用前に医師、薬剤師又は登録販売者に相談してください
　（1）医師の治療を受けている人。
　（2）妊婦又は妊娠していると思われる人。
　（3）体の虚弱な人（体力の衰えている人、体の弱い人）。
　（4）胃腸が弱く下痢しやすい人。
　（5）発汗傾向の著しい人。
　（6）高齢者。
　（7）今までに薬などにより発疹・発赤、かゆみ等を起こしたことがある人。
　（8）次の症状のある人。
　　むくみ、排尿困難
　（9）次の診断を受けた人。
　　高血圧、心臓病、腎臓病、甲状腺機能障害
2．服用後、次の症状があらわれた場合は副作用の可能性がありますので、直ちに服用を中止し、この文書を持って医師、薬剤師又は登録販売者に相談してください

［関係部位：症状］
皮膚：発疹・発赤、かゆみ
消化器：吐き気・嘔吐、食欲不振、胃部不快感、腹部膨満、はげしい腹痛を伴う下痢、腹痛
精神神経系：めまい
その他：発汗、動悸、むくみ、頭痛

　まれに次の重篤な症状が起こることがあります。その場合は直ちに医師の診療を受けてください。

［症状の名称：症状］
間質性肺炎：階段を上ったり、少し無理をしたりすると息切れがする・息苦しくなる、空せき、発熱等がみられ、これらが急にあらわれたり、持続したりする。
偽アルドステロン症：手足のだるさ、しびれ、つっぱり感やこわばりに加えて、脱力感、筋肉痛があらわれ、徐々に強くなる。
ミオパチー：手足のだるさ、しびれ、つっぱり感やこわばりに加えて、脱力感、筋肉痛があらわれ、徐々に強くなる。
肝機能障害：発熱、かゆみ、発疹、黄疸（皮膚や白目が黄色くなる）、褐色尿、全身のだるさ、食欲不振等があらわれる。
腸間膜静脈硬化症：長期服用により、腹痛、下痢、便秘、腹部膨満等が繰り返しあらわれる。

3．服用後、次の症状があらわれることがありますので、このような症状の持続又は増強が見られた場合には、服用を中止し、この文書を持って医師、薬剤師又は登録販売者に相談してください
　下痢、便秘
4．1ヵ月位（便秘に服用する場合には1週間位）服用しても症状がよくならない場合は服用を中止し、この文書を持って医師、薬剤師又は登録販売者に相談してください
5．長期連用する場合には、医師、薬剤師又は登録販売者に相談してください",小児に服用させる場合には、保護者の指導監督のもとに服用させてください。
