処方名,読み（ひらがな）,読み（カタカナ）
安中散,あんちゅうさん,アンチュウサン
一風飲,いっぷういん,イップウイン
茵陳蒿湯,いんちんこうとう,インチンコウトウ
茵陳五苓散,いんちんごれいさん,インチンゴレイサン
温経湯,うんけいとう,ウンケイトウ
温清飲,うんせいいん,ウンセイイン
温胆湯,うんたんとう,ウンタントウ
越婢加朮湯,えっぴかじゅつとう,エッピカジュツトウ
延年半夏湯,えんねんはんげとう,エンネンハンゲトウ
黄耆建中湯,おうぎけんちゅうとう,オウギケンチュウトウ
黄連阿膠湯,おうれんあきょうとう,オウレンアキョウトウ
黄連解毒湯,おうれんげどくとう,オウレンゲドクトウ
黄連湯,おうれんとう,オウレントウ
乙字湯,おつじとう,オツジトウ
藿香正気散,かっこうしょうきさん,カッコウショウキサン
葛根黄連黄芩湯,かっこんおうれんおうごんとう,カッコンオウレンオウゴントウ
葛根湯,かっこんとう,カッコントウ
葛根湯加辛夷川芎,かっこんとうかしんいせんきゅう,カッコントウカシンイセンキュウ
葛根湯加川芎辛夷,かっこんとうかせんきゅうしんい,カッコントウカセンキュウシンイ
加味帰脾湯,かみきひとう,カミキヒトウ
加味逍遙散,かみしょうようさん,カミショウヨウサン
加味逍遙散合四物湯,かみしょうようさん,カミショウヨウサン
加味逍遙散加川芎地黄,かみしょうようさん加川芎地黄,カミショウヨウサン加川芎地黄
加味平胃散,かみへいいさん,カミヘイイサン
環元清血飲,かんげんせいけついん,カンゲンセイケツイン
甘草湯,かんぞうとう,カンゾウトウ
甘麦大棗湯,かんばくたいそうとう,カンバクタイソウトウ
漢方,かんぽう,カンポウ
感冒の解熱,かんぼうのげねつ,カンボウノゲネツ
甘露飲,かんろいん,カンロイン
桔梗石膏,ききょうせっこう,キキョウセッコウ
絹のしずく,きぬのしずく,キヌノシズク
帰脾湯,きひとう,キヒトウ
芎帰,きゅうき,キュウキ
芎帰膠艾湯,きゅうききょうがいとう,キュウキキョウガイトウ
芎帰調血飲第一加減,きゅうきちょうけついんだいいちかげん,キュウキチョウケツインダイイチカゲン
玉屏風散,ぎょくへいふうさん,ギョクヘイフウサン
金羚感冒散,きんれいかんぼうさん,キンレイカンボウサン
金羚感冒錠,きんれいかんぼうじょう,キンレイカンボウジョウ
九味檳榔湯,くみびんろうとう,クミビンロウトウ
荊芥連翹湯,けいがいれんぎょうとう,ケイガイレンギョウトウ
桂枝加黄耆湯,けいしかおうぎとう,ケイシカオウギトウ
桂枝加芍薬湯,けいしかしゃくやくとう,ケイシカシャクヤクトウ
桂枝加朮附湯,けいしかじゅつぶとう,ケイシカジュツブトウ
桂枝加竜骨牡蛎湯,けいしかりゅうこつぼれいとう,ケイシカリュウコツボレイトウ
桂枝五物湯,けいしごもつとう,ケイシゴモツトウ
桂枝芍薬知母湯,けいししゃくやくちもとう,ケイシシャクヤクチモトウ
桂枝湯,けいしとう,ケイシトウ
桂枝茯苓丸,けいしぶくりょうがん,ケイシブクリョウガン
桂枝茯苓丸料,けいしぶくりょうがん,ケイシブクリョウガン
桂枝茯苓丸料加薏苡仁,けいしぶくりょうがん料加薏苡仁,ケイシブクリョウガン料加薏苡仁
啓脾湯,けいひとう,ケイヒトウ
荊防敗毒散,けいぼうはいどくさん,ケイボウハイドクサン
桂麻各半湯,けいまかくはんとう,ケイマカクハントウ
虔修六神丸,けんしゅうろくしんがん,ケンシュウロクシンガン
虔脩六神丸,けんしゅうろくしんがん,ケンシュウロクシンガン
甲字湯,こうじとう,コウジトウ
香砂六君子湯,こうしゃりっくんしとう,コウシャリックンシトウ
香蘇散,こうそさん,コウソサン
五加神,ごかじん,ゴカジン
杞菊地黄丸,こぎくじおうがん,コギクジオウガン
杞菊妙見丸,こぎくみょうけんがん,コギクミョウケンガン
五積散,ごしゃくさん,ゴシャクサン
牛車腎気丸,ごしゃじんきがん,ゴシャジンキガン
呉茱萸湯,ごしゅゆとう,ゴシュユトウ
小太郎,こたろう,コタロウ
五淋散,ごりんさん,ゴリンサン
五苓散,ごれいさん,ゴレイサン
柴葛解肌湯,さいかつげきとう,サイカツゲキトウ
柴陥湯,さいかんとう,サイカントウ
柴胡加竜骨牡蛎湯,さいこかりゅうこつぼれいとう,サイコカリュウコツボレイトウ
柴胡桂枝乾姜湯,さいこけいしかんきょうとう,サイコケイシカンキョウトウ
柴胡桂枝湯,さいこけいしとう,サイコケイシトウ
柴胡清肝湯,さいこせいかんとう,サイコセイカントウ
柴胡疎肝湯,さいこそかんとう,サイコソカントウ
柴芍六君子湯,さいしゃくりっくんしとう,サイシャクリックンシトウ
柴苓湯,さいれいとう,サイレイトウ
三黄瀉心湯,さんおうしゃしんとう,サンオウシャシントウ
参楂神,さんざしん,サンザシン
参茸大補,さんじょうたいほ,サンジョウタイホ
参茸大補丸錠,さんじょうたいほがんじょう,サンジョウタイホガンジョウ
酸棗仁湯,さんそうにんとう,サンソウニントウ
三物黄芩湯,さんもつおうごんとう,サンモツオウゴントウ
滋陰降火湯,じいんこうかとう,ジインコウカトウ
紫雲膏,しうんこう,シウンコウ
四逆散,しぎゃくさん,シギャクサン
四君子湯,しくんしとう,シクンシトウ
紫根牡蛎湯,しこんぼれいとう,シコンボレイトウ
梔子柏皮湯,ししはくひとう,シシハクヒトウ
滋腎通耳湯,じじんつうじとう,ジジンツウジトウ
滋腎明目湯,じじんめいもくとう,ジジンメイモクトウ
七物降下湯,しちもつこうかとう,シチモツコウカトウ
柿蒂湯,していとう,シテイトウ
四物湯,しもつとう,シモツトウ
炙甘草湯,しゃかんぞうとう,シャカンゾウトウ
芍薬甘草湯,しゃくやくかんぞうとう,シャクヤクカンゾウトウ
十全大補湯,じゅうぜんたいほとう,ジュウゼンタイホトウ
十味敗毒湯,じゅうみはいどくとう,ジュウミハイドクトウ
小建中湯,しょうけんちゅうとう,ショウケンチュウトウ
小柴胡湯,しょうさいことう,ショウサイコトウ
小青竜湯,しょうせいりゅうとう,ショウセイリュウトウ
小青竜湯加杏仁石膏,しょうせいりゅうとう加杏仁石膏,ショウセイリュウトウ加杏仁石膏
小半夏加茯苓湯,しょうはんげかぶくりょうとう,ショウハンゲカブクリョウトウ
消風散,しょうふうさん,ショウフウサン
升麻葛根湯,しょうまかっこんとう,ショウマカッコントウ
生脈散,しょうみゃくさん,ショウミャクサン
逍遙散,しょうようさん,ショウヨウサン
地竜,じりゅう,ジリュウ
辛夷清肺湯,しんいせいはいとう,シンイセイハイトウ
神仙太乙膏,しんせんたいつこう,シンセンタイツコウ
参蘇飲,じんそいん,ジンソイン
神秘湯,しんぴとう,シンピトウ
真武湯,しんぶとう,シンブトウ
参苓白朮散,じんりょうびゃくじゅつさん,ジンリョウビャクジュツサン
参苓白朮散料,じんりょうびゃくじゅつさん,ジンリョウビャクジュツサン
清湿化痰湯,せいしつけたんとう,セイシツケタントウ
清上蠲痛湯,せいじょうけんつうとう,セイジョウケンツウトウ
清上防風湯,せいじょうぼうふうとう,セイジョウボウフウトウ
清暑益気湯,せいしょえっきとう,セイショエッキトウ
清心蓮子飲,せいしんれんしいん,セイシンレンシイン
石流茶,せきりゅうちゃ,セキリュウチャ
洗肝明目湯,せんかんめいもくとう,センカンメイモクトウ
千金内托散,せんきんないたくさん,センキンナイタクサン
続命湯,ぞくめいとう,ゾクメイトウ
疎経活血湯,そけいかっけつとう,ソケイカッケツトウ
蘇子降気湯,そしこうきとう,ソシコウキトウ
大黄甘草湯,だいおうかんぞうとう,ダイオウカンゾウトウ
大黄牡丹皮湯,だいおうぼたんぴとう,ダイオウボタンピトウ
大建中湯,だいけんちゅうとう,ダイケンチュウトウ
大柴胡湯,だいさいことう,ダイサイコトウ
大柴胡湯去大黄,だいさいことうきょだいおう,ダイサイコトウキョダイオウ
大承気湯,だいじょうきとう,ダイジョウキトウ
沢瀉湯,たくしゃとう,タクシャトウ
竹茹温胆湯,ちくじょおんたんとう,チクジョオンタントウ
竹葉石膏湯,ちくようせっこうとう,チクヨウセッコウトウ
治打撲一方,ぢだぼくいっぽう,ヂダボクイッポウ
知柏地黄丸,ちばくじおうがん,チバクジオウガン
釣藤散,ちょうとうさん,チョウトウサン
腸癰湯,ちょうようとう,チョウヨウトウ
猪苓湯,ちょれいとう,チョレイトウ
通導散,つうどうさん,ツウドウサン
定悸飲,ていきいん,テイキイン
田三七人参,でんさんしちにんじん,デンサンシチニンジン
桃核承気湯,とうかくじょうきとう,トウカクジョウキトウ
当帰飲子,とうきいんし,トウキインシ
当帰建中湯,とうきけんちゅうとう,トウキケンチュウトウ
当帰四逆加呉茱萸生姜湯,とうきしぎゃくかごしゅゆしょうきょうとう,トウキシギャクカゴシュユショウキョウトウ
当帰芍薬散,とうきしゃくやくさん,トウキシャクヤクサン
当帰芍薬散料,とうきしゃくやくさん,トウキシャクヤクサン
独活葛根湯,どっかつかっこんとう,ドッカツカッコントウ
独活寄生丸,どっかつきせいがん,ドッカツキセイガン
二陳湯,にちんとう,ニチントウ
女神散,にょしんさん,ニョシンサン
人参湯,にんじんとう,ニンジントウ
人参養栄湯,にんじんようえいとう,ニンジンヨウエイトウ
排膿散及湯,はいのうさんきゅうとう,ハイノウサンキュウトウ
麦門冬湯,ばくもんどうとう,バクモンドウトウ
八味丸,はちみがん,ハチミガン
八味地黄丸,はちみじおうがん,ハチミジオウガン
半夏厚朴湯,はんげこうぼくとう,ハンゲコウボクトウ
半夏瀉心湯,はんげしゃしんとう,ハンゲシャシントウ
半夏白朮天麻湯,はんげびゃくじゅつてんまとう,ハンゲビャクジュツテンマトウ
板藍根,ばんらんこん,バンランコン
ビタミン含有保健薬,びたみん含有保健薬,ビタミン含有保健薬
鼻通湯,びつうとう,ビツウトウ
白虎加人参湯,びゃっこかにんじんとう,ビャッコカニンジントウ
茯苓飲,ぶくりょういん,ブクリョウイン
茯苓飲合半夏厚朴湯,ふくりょういんごうはんげこうぼくとう,フクリョウインゴウハンゲコウボクトウ
ブシ 炮附子,ぶし ほうぶし,ブシ ホウブシ
婦人宝,ふじんほう,フジンホウ
分消湯,ぶんしょうとう,ブンショウトウ
平胃散,へいいさん,ヘイイサン
防已黄耆湯,ぼういおうぎとう,ボウイオウギトウ
防風通聖散,ぼうふうつうしょうさん,ボウフウツウショウサン
炮附子,ほうぶし,ホウブシ
補気建中湯,ほきけんちゅうとう,ホキケンチュウトウ
補中益気湯,ほちゅうえっきとう,ホチュウエッキトウ
補陽還五湯,ほようかんごとう,ホヨウカンゴトウ
麻黄湯,まおうとう,マオウトウ
麻黄附子細辛湯,まおうぶしさいしんとう,マオウブシサイシントウ
麻杏甘石湯,まきょうかんせきとう,マキョウカンセキトウ
麻杏薏甘湯,まきょうよくかんとう,マキョウヨクカントウ
麻子仁丸,ましにんがん,マシニンガン
満量,まんりょう,マンリョウ
味麦地黄丸,みばくじおうがん,ミバクジオウガン
木防已湯,もくぼういとう,モクボウイトウ
ヨクイニン,よくいにん,ヨクイニン
薏苡仁湯,よくいにんとう,ヨクイニントウ
抑肝散,よくかんさん,ヨクカンサン
抑肝散加陳皮半夏,よくかんさんかちんぴはんげ,ヨクカンサンカチンピハンゲ
六君子湯,りっくんしとう,リックンシトウ
隆持源,りゅうじげん,リュウジゲン
竜胆瀉肝湯,りゅうたんしゃかんとう,リュウタンシャカントウ
苓甘姜味辛夏仁湯,りょうかんきょうみしんげにんとう,リョウカンキョウミシンゲニントウ
苓姜朮甘湯,りょうきょうじゅつかんとう,リョウキョウジュツカントウ
苓桂甘棗湯,りょうけいかんそうとう,リョウケイカンソウトウ
苓桂朮甘湯,りょうけいじゅつかんとう,リョウケイジュツカントウ
苓桂味甘湯,りょうけいみかんとう,リョウケイミカントウ
麗沢通気湯加辛夷,れいたくつうきとうかしんい,レイタクツウキトウカシンイ
連珠飲,れんじゅいん,レンジュイン
六味丸,ろくみがん,ロクミガン
強心薬,強心薬,強心薬
紫根牡蠣湯,紫根牡蠣湯,紫根牡蠣湯
柴胡加竜骨牡蠣湯,柴胡加竜骨牡蠣湯,柴胡加竜骨牡蠣湯
柴朴湯,柴朴湯,柴朴湯
生薬主薬製剤,生薬主薬製剤,生薬主薬製剤
生薬製剤,生薬製剤,生薬製剤
折衝飲,折衝飲,折衝飲
鎮咳去痰薬,鎮咳去痰薬,鎮咳去痰薬
皮膚軟化薬,皮膚軟化薬,皮膚軟化薬
補気健中湯,補気健中湯,補気健中湯
瀉下薬,瀉下薬,瀉下薬