区分,名称,漢字表記,読み（ひらがな）,読み（カタカナ）,備考
処方名,安中散,安中散,あんちゅうさん,アンチュウサン,漢方処方名
処方名,一風飲,一風飲,いっぷういん,イップウイン,漢方処方名
処方名,茵陳蒿湯,茵陳蒿湯,いんちんこうとう,インチンコウトウ,漢方処方名
処方名,茵陳五苓散,茵陳五苓散,いんちんごれいさん,インチンゴレイサン,漢方処方名
処方名,温経湯,温経湯,うんけいとう,ウンケイトウ,漢方処方名
処方名,温清飲,温清飲,うんせいいん,ウンセイイン,漢方処方名
処方名,温胆湯,温胆湯,うんたんとう,ウンタントウ,漢方処方名
処方名,越婢加朮湯,越婢加朮湯,えっぴかじゅつとう,エッピカジュツトウ,漢方処方名
処方名,延年半夏湯,延年半夏湯,えんねんはんげとう,エンネンハンゲトウ,漢方処方名
処方名,黄耆建中湯,黄耆建中湯,おうぎけんちゅうとう,オウギケンチュウトウ,漢方処方名
処方名,黄連阿膠湯,黄連阿膠湯,おうれんあきょうとう,オウレンアキョウトウ,漢方処方名
処方名,黄連解毒湯,黄連解毒湯,おうれんげどくとう,オウレンゲドクトウ,漢方処方名
処方名,黄連湯,黄連湯,おうれんとう,オウレントウ,漢方処方名
処方名,乙字湯,乙字湯,おつじとう,オツジトウ,漢方処方名
処方名,藿香正気散,藿香正気散,かっこうしょうきさん,カッコウショウキサン,漢方処方名
処方名,葛根黄連黄芩湯,葛根黄連黄芩湯,かっこんおうれんおうごんとう,カッコンオウレンオウゴントウ,漢方処方名
処方名,葛根湯,葛根湯,かっこんとう,カッコントウ,漢方処方名
処方名,葛根湯加辛夷川芎,葛根湯加辛夷川芎,かっこんとうかしんいせんきゅう,カッコントウカシンイセンキュウ,漢方処方名
処方名,葛根湯加川芎辛夷,葛根湯加川芎辛夷,かっこんとうかせんきゅうしんい,カッコントウカセンキュウシンイ,漢方処方名
処方名,加味帰脾湯,加味帰脾湯,かみきひとう,カミキヒトウ,漢方処方名
処方名,加味逍遙散,加味逍遙散,かみしょうようさん,カミショウヨウサン,漢方処方名
処方名,加味逍遙散合四物湯,加味逍遙散合四物湯,かみしょうようさん,カミショウヨウサン,漢方処方名
処方名,加味逍遙散加川芎地黄,加味逍遙散加川芎地黄,かみしょうようさん加川芎地黄,カミショウヨウサン加川芎地黄,漢方処方名
処方名,加味平胃散,加味平胃散,かみへいいさん,カミヘイイサン,漢方処方名
処方名,環元清血飲,環元清血飲,かんげんせいけついん,カンゲンセイケツイン,漢方処方名
処方名,甘草湯,甘草湯,かんぞうとう,カンゾウトウ,漢方処方名
処方名,甘麦大棗湯,甘麦大棗湯,かんばくたいそうとう,カンバクタイソウトウ,漢方処方名
処方名,漢方,漢方,かんぽう,カンポウ,漢方処方名
処方名,感冒の解熱,感冒の解熱,かんぼうのげねつ,カンボウノゲネツ,漢方処方名
処方名,甘露飲,甘露飲,かんろいん,カンロイン,漢方処方名
処方名,桔梗石膏,桔梗石膏,ききょうせっこう,キキョウセッコウ,漢方処方名
処方名,絹のしずく,絹のしずく,きぬのしずく,キヌノシズク,漢方処方名
処方名,帰脾湯,帰脾湯,きひとう,キヒトウ,漢方処方名
処方名,芎帰,芎帰,きゅうき,キュウキ,漢方処方名
処方名,芎帰膠艾湯,芎帰膠艾湯,きゅうききょうがいとう,キュウキキョウガイトウ,漢方処方名
処方名,芎帰調血飲第一加減,芎帰調血飲第一加減,きゅうきちょうけついんだいいちかげん,キュウキチョウケツインダイイチカゲン,漢方処方名
処方名,玉屏風散,玉屏風散,ぎょくへいふうさん,ギョクヘイフウサン,漢方処方名
処方名,金羚感冒散,金羚感冒散,きんれいかんぼうさん,キンレイカンボウサン,漢方処方名
処方名,金羚感冒錠,金羚感冒錠,きんれいかんぼうじょう,キンレイカンボウジョウ,漢方処方名
処方名,九味檳榔湯,九味檳榔湯,くみびんろうとう,クミビンロウトウ,漢方処方名
処方名,荊芥連翹湯,荊芥連翹湯,けいがいれんぎょうとう,ケイガイレンギョウトウ,漢方処方名
処方名,桂枝加黄耆湯,桂枝加黄耆湯,けいしかおうぎとう,ケイシカオウギトウ,漢方処方名
処方名,桂枝加芍薬湯,桂枝加芍薬湯,けいしかしゃくやくとう,ケイシカシャクヤクトウ,漢方処方名
処方名,桂枝加朮附湯,桂枝加朮附湯,けいしかじゅつぶとう,ケイシカジュツブトウ,漢方処方名
処方名,桂枝加竜骨牡蛎湯,桂枝加竜骨牡蛎湯,けいしかりゅうこつぼれいとう,ケイシカリュウコツボレイトウ,漢方処方名
処方名,桂枝五物湯,桂枝五物湯,けいしごもつとう,ケイシゴモツトウ,漢方処方名
処方名,桂枝芍薬知母湯,桂枝芍薬知母湯,けいししゃくやくちもとう,ケイシシャクヤクチモトウ,漢方処方名
処方名,桂枝湯,桂枝湯,けいしとう,ケイシトウ,漢方処方名
処方名,桂枝茯苓丸,桂枝茯苓丸,けいしぶくりょうがん,ケイシブクリョウガン,漢方処方名
処方名,桂枝茯苓丸料,桂枝茯苓丸料,けいしぶくりょうがん,ケイシブクリョウガン,漢方処方名
処方名,桂枝茯苓丸料加薏苡仁,桂枝茯苓丸料加薏苡仁,けいしぶくりょうがん料加薏苡仁,ケイシブクリョウガン料加薏苡仁,漢方処方名
処方名,啓脾湯,啓脾湯,けいひとう,ケイヒトウ,漢方処方名
処方名,荊防敗毒散,荊防敗毒散,けいぼうはいどくさん,ケイボウハイドクサン,漢方処方名
処方名,桂麻各半湯,桂麻各半湯,けいまかくはんとう,ケイマカクハントウ,漢方処方名
処方名,虔修六神丸,虔修六神丸,けんしゅうろくしんがん,ケンシュウロクシンガン,漢方処方名
処方名,虔脩六神丸,虔脩六神丸,けんしゅうろくしんがん,ケンシュウロクシンガン,漢方処方名
処方名,甲字湯,甲字湯,こうじとう,コウジトウ,漢方処方名
処方名,香砂六君子湯,香砂六君子湯,こうしゃりっくんしとう,コウシャリックンシトウ,漢方処方名
処方名,香蘇散,香蘇散,こうそさん,コウソサン,漢方処方名
処方名,五加神,五加神,ごかじん,ゴカジン,漢方処方名
処方名,杞菊地黄丸,杞菊地黄丸,こぎくじおうがん,コギクジオウガン,漢方処方名
処方名,杞菊妙見丸,杞菊妙見丸,こぎくみょうけんがん,コギクミョウケンガン,漢方処方名
処方名,五積散,五積散,ごしゃくさん,ゴシャクサン,漢方処方名
処方名,牛車腎気丸,牛車腎気丸,ごしゃじんきがん,ゴシャジンキガン,漢方処方名
処方名,呉茱萸湯,呉茱萸湯,ごしゅゆとう,ゴシュユトウ,漢方処方名
処方名,小太郎,小太郎,こたろう,コタロウ,漢方処方名
処方名,五淋散,五淋散,ごりんさん,ゴリンサン,漢方処方名
処方名,五苓散,五苓散,ごれいさん,ゴレイサン,漢方処方名
処方名,柴葛解肌湯,柴葛解肌湯,さいかつげきとう,サイカツゲキトウ,漢方処方名
処方名,柴陥湯,柴陥湯,さいかんとう,サイカントウ,漢方処方名
処方名,柴胡加竜骨牡蛎湯,柴胡加竜骨牡蛎湯,さいこかりゅうこつぼれいとう,サイコカリュウコツボレイトウ,漢方処方名
処方名,柴胡桂枝乾姜湯,柴胡桂枝乾姜湯,さいこけいしかんきょうとう,サイコケイシカンキョウトウ,漢方処方名
処方名,柴胡桂枝湯,柴胡桂枝湯,さいこけいしとう,サイコケイシトウ,漢方処方名
処方名,柴胡清肝湯,柴胡清肝湯,さいこせいかんとう,サイコセイカントウ,漢方処方名
処方名,柴胡疎肝湯,柴胡疎肝湯,さいこそかんとう,サイコソカントウ,漢方処方名
処方名,柴芍六君子湯,柴芍六君子湯,さいしゃくりっくんしとう,サイシャクリックンシトウ,漢方処方名
処方名,柴苓湯,柴苓湯,さいれいとう,サイレイトウ,漢方処方名
処方名,三黄瀉心湯,三黄瀉心湯,さんおうしゃしんとう,サンオウシャシントウ,漢方処方名
処方名,参楂神,参楂神,さんざしん,サンザシン,漢方処方名
処方名,参茸大補,参茸大補,さんじょうたいほ,サンジョウタイホ,漢方処方名
処方名,参茸大補丸錠,参茸大補丸錠,さんじょうたいほがんじょう,サンジョウタイホガンジョウ,漢方処方名
処方名,酸棗仁湯,酸棗仁湯,さんそうにんとう,サンソウニントウ,漢方処方名
処方名,三物黄芩湯,三物黄芩湯,さんもつおうごんとう,サンモツオウゴントウ,漢方処方名
処方名,滋陰降火湯,滋陰降火湯,じいんこうかとう,ジインコウカトウ,漢方処方名
処方名,紫雲膏,紫雲膏,しうんこう,シウンコウ,漢方処方名
処方名,四逆散,四逆散,しぎゃくさん,シギャクサン,漢方処方名
処方名,四君子湯,四君子湯,しくんしとう,シクンシトウ,漢方処方名
処方名,紫根牡蛎湯,紫根牡蛎湯,しこんぼれいとう,シコンボレイトウ,漢方処方名
処方名,梔子柏皮湯,梔子柏皮湯,ししはくひとう,シシハクヒトウ,漢方処方名
処方名,滋腎通耳湯,滋腎通耳湯,じじんつうじとう,ジジンツウジトウ,漢方処方名
処方名,滋腎明目湯,滋腎明目湯,じじんめいもくとう,ジジンメイモクトウ,漢方処方名
処方名,七物降下湯,七物降下湯,しちもつこうかとう,シチモツコウカトウ,漢方処方名
処方名,柿蒂湯,柿蒂湯,していとう,シテイトウ,漢方処方名
処方名,四物湯,四物湯,しもつとう,シモツトウ,漢方処方名
処方名,炙甘草湯,炙甘草湯,しゃかんぞうとう,シャカンゾウトウ,漢方処方名
処方名,芍薬甘草湯,芍薬甘草湯,しゃくやくかんぞうとう,シャクヤクカンゾウトウ,漢方処方名
処方名,十全大補湯,十全大補湯,じゅうぜんたいほとう,ジュウゼンタイホトウ,漢方処方名
処方名,十味敗毒湯,十味敗毒湯,じゅうみはいどくとう,ジュウミハイドクトウ,漢方処方名
処方名,小建中湯,小建中湯,しょうけんちゅうとう,ショウケンチュウトウ,漢方処方名
処方名,小柴胡湯,小柴胡湯,しょうさいことう,ショウサイコトウ,漢方処方名
処方名,小青竜湯,小青竜湯,しょうせいりゅうとう,ショウセイリュウトウ,漢方処方名
処方名,小青竜湯加杏仁石膏,小青竜湯加杏仁石膏,しょうせいりゅうとう加杏仁石膏,ショウセイリュウトウ加杏仁石膏,漢方処方名
処方名,小半夏加茯苓湯,小半夏加茯苓湯,しょうはんげかぶくりょうとう,ショウハンゲカブクリョウトウ,漢方処方名
処方名,消風散,消風散,しょうふうさん,ショウフウサン,漢方処方名
処方名,升麻葛根湯,升麻葛根湯,しょうまかっこんとう,ショウマカッコントウ,漢方処方名
処方名,生脈散,生脈散,しょうみゃくさん,ショウミャクサン,漢方処方名
処方名,逍遙散,逍遙散,しょうようさん,ショウヨウサン,漢方処方名
処方名,地竜,地竜,じりゅう,ジリュウ,漢方処方名
処方名,辛夷清肺湯,辛夷清肺湯,しんいせいはいとう,シンイセイハイトウ,漢方処方名
処方名,神仙太乙膏,神仙太乙膏,しんせんたいつこう,シンセンタイツコウ,漢方処方名
処方名,参蘇飲,参蘇飲,じんそいん,ジンソイン,漢方処方名
処方名,神秘湯,神秘湯,しんぴとう,シンピトウ,漢方処方名
処方名,真武湯,真武湯,しんぶとう,シンブトウ,漢方処方名
処方名,参苓白朮散,参苓白朮散,じんりょうびゃくじゅつさん,ジンリョウビャクジュツサン,漢方処方名
処方名,参苓白朮散料,参苓白朮散料,じんりょうびゃくじゅつさん,ジンリョウビャクジュツサン,漢方処方名
処方名,清湿化痰湯,清湿化痰湯,せいしつけたんとう,セイシツケタントウ,漢方処方名
処方名,清上蠲痛湯,清上蠲痛湯,せいじょうけんつうとう,セイジョウケンツウトウ,漢方処方名
処方名,清上防風湯,清上防風湯,せいじょうぼうふうとう,セイジョウボウフウトウ,漢方処方名
処方名,清暑益気湯,清暑益気湯,せいしょえっきとう,セイショエッキトウ,漢方処方名
処方名,清心蓮子飲,清心蓮子飲,せいしんれんしいん,セイシンレンシイン,漢方処方名
処方名,石流茶,石流茶,せきりゅうちゃ,セキリュウチャ,漢方処方名
処方名,洗肝明目湯,洗肝明目湯,せんかんめいもくとう,センカンメイモクトウ,漢方処方名
処方名,千金内托散,千金内托散,せんきんないたくさん,センキンナイタクサン,漢方処方名
処方名,続命湯,続命湯,ぞくめいとう,ゾクメイトウ,漢方処方名
処方名,疎経活血湯,疎経活血湯,そけいかっけつとう,ソケイカッケツトウ,漢方処方名
処方名,蘇子降気湯,蘇子降気湯,そしこうきとう,ソシコウキトウ,漢方処方名
処方名,大黄甘草湯,大黄甘草湯,だいおうかんぞうとう,ダイオウカンゾウトウ,漢方処方名
処方名,大黄牡丹皮湯,大黄牡丹皮湯,だいおうぼたんぴとう,ダイオウボタンピトウ,漢方処方名
処方名,大建中湯,大建中湯,だいけんちゅうとう,ダイケンチュウトウ,漢方処方名
処方名,大柴胡湯,大柴胡湯,だいさいことう,ダイサイコトウ,漢方処方名
処方名,大柴胡湯去大黄,大柴胡湯去大黄,だいさいことうきょだいおう,ダイサイコトウキョダイオウ,漢方処方名
処方名,大承気湯,大承気湯,だいじょうきとう,ダイジョウキトウ,漢方処方名
処方名,沢瀉湯,沢瀉湯,たくしゃとう,タクシャトウ,漢方処方名
処方名,竹茹温胆湯,竹茹温胆湯,ちくじょおんたんとう,チクジョオンタントウ,漢方処方名
処方名,竹葉石膏湯,竹葉石膏湯,ちくようせっこうとう,チクヨウセッコウトウ,漢方処方名
処方名,治打撲一方,治打撲一方,ぢだぼくいっぽう,ヂダボクイッポウ,漢方処方名
処方名,知柏地黄丸,知柏地黄丸,ちばくじおうがん,チバクジオウガン,漢方処方名
処方名,釣藤散,釣藤散,ちょうとうさん,チョウトウサン,漢方処方名
処方名,腸癰湯,腸癰湯,ちょうようとう,チョウヨウトウ,漢方処方名
処方名,猪苓湯,猪苓湯,ちょれいとう,チョレイトウ,漢方処方名
処方名,通導散,通導散,つうどうさん,ツウドウサン,漢方処方名
処方名,定悸飲,定悸飲,ていきいん,テイキイン,漢方処方名
処方名,田三七人参,田三七人参,でんさんしちにんじん,デンサンシチニンジン,漢方処方名
処方名,桃核承気湯,桃核承気湯,とうかくじょうきとう,トウカクジョウキトウ,漢方処方名
処方名,当帰飲子,当帰飲子,とうきいんし,トウキインシ,漢方処方名
処方名,当帰建中湯,当帰建中湯,とうきけんちゅうとう,トウキケンチュウトウ,漢方処方名
処方名,当帰四逆加呉茱萸生姜湯,当帰四逆加呉茱萸生姜湯,とうきしぎゃくかごしゅゆしょうきょうとう,トウキシギャクカゴシュユショウキョウトウ,漢方処方名
処方名,当帰芍薬散,当帰芍薬散,とうきしゃくやくさん,トウキシャクヤクサン,漢方処方名
処方名,当帰芍薬散料,当帰芍薬散料,とうきしゃくやくさん,トウキシャクヤクサン,漢方処方名
処方名,独活葛根湯,独活葛根湯,どっかつかっこんとう,ドッカツカッコントウ,漢方処方名
処方名,独活寄生丸,独活寄生丸,どっかつきせいがん,ドッカツキセイガン,漢方処方名
処方名,二陳湯,二陳湯,にちんとう,ニチントウ,漢方処方名
処方名,女神散,女神散,にょしんさん,ニョシンサン,漢方処方名
処方名,人参湯,人参湯,にんじんとう,ニンジントウ,漢方処方名
処方名,人参養栄湯,人参養栄湯,にんじんようえいとう,ニンジンヨウエイトウ,漢方処方名
処方名,排膿散及湯,排膿散及湯,はいのうさんきゅうとう,ハイノウサンキュウトウ,漢方処方名
処方名,麦門冬湯,麦門冬湯,ばくもんどうとう,バクモンドウトウ,漢方処方名
処方名,八味丸,八味丸,はちみがん,ハチミガン,漢方処方名
処方名,八味地黄丸,八味地黄丸,はちみじおうがん,ハチミジオウガン,漢方処方名
処方名,半夏厚朴湯,半夏厚朴湯,はんげこうぼくとう,ハンゲコウボクトウ,漢方処方名
処方名,半夏瀉心湯,半夏瀉心湯,はんげしゃしんとう,ハンゲシャシントウ,漢方処方名
処方名,半夏白朮天麻湯,半夏白朮天麻湯,はんげびゃくじゅつてんまとう,ハンゲビャクジュツテンマトウ,漢方処方名
処方名,板藍根,板藍根,ばんらんこん,バンランコン,漢方処方名
処方名,ビタミン含有保健薬,ビタミン含有保健薬,びたみん含有保健薬,ビタミン含有保健薬,漢方処方名
処方名,鼻通湯,鼻通湯,びつうとう,ビツウトウ,漢方処方名
処方名,白虎加人参湯,白虎加人参湯,びゃっこかにんじんとう,ビャッコカニンジントウ,漢方処方名
処方名,茯苓飲,茯苓飲,ぶくりょういん,ブクリョウイン,漢方処方名
処方名,茯苓飲合半夏厚朴湯,茯苓飲合半夏厚朴湯,ふくりょういんごうはんげこうぼくとう,フクリョウインゴウハンゲコウボクトウ,漢方処方名
処方名,ブシ 炮附子,ブシ 炮附子,ぶし ほうぶし,ブシ ホウブシ,漢方処方名
処方名,婦人宝,婦人宝,ふじんほう,フジンホウ,漢方処方名
処方名,分消湯,分消湯,ぶんしょうとう,ブンショウトウ,漢方処方名
処方名,平胃散,平胃散,へいいさん,ヘイイサン,漢方処方名
処方名,防已黄耆湯,防已黄耆湯,ぼういおうぎとう,ボウイオウギトウ,漢方処方名
処方名,防風通聖散,防風通聖散,ぼうふうつうしょうさん,ボウフウツウショウサン,漢方処方名
処方名,炮附子,炮附子,ほうぶし,ホウブシ,漢方処方名
処方名,補気建中湯,補気建中湯,ほきけんちゅうとう,ホキケンチュウトウ,漢方処方名
処方名,補中益気湯,補中益気湯,ほちゅうえっきとう,ホチュウエッキトウ,漢方処方名
処方名,補陽還五湯,補陽還五湯,ほようかんごとう,ホヨウカンゴトウ,漢方処方名
処方名,麻黄湯,麻黄湯,まおうとう,マオウトウ,漢方処方名
処方名,麻黄附子細辛湯,麻黄附子細辛湯,まおうぶしさいしんとう,マオウブシサイシントウ,漢方処方名
処方名,麻杏甘石湯,麻杏甘石湯,まきょうかんせきとう,マキョウカンセキトウ,漢方処方名
処方名,麻杏薏甘湯,麻杏薏甘湯,まきょうよくかんとう,マキョウヨクカントウ,漢方処方名
処方名,麻子仁丸,麻子仁丸,ましにんがん,マシニンガン,漢方処方名
処方名,満量,満量,まんりょう,マンリョウ,漢方処方名
処方名,味麦地黄丸,味麦地黄丸,みばくじおうがん,ミバクジオウガン,漢方処方名
処方名,木防已湯,木防已湯,もくぼういとう,モクボウイトウ,漢方処方名
処方名,ヨクイニン,ヨクイニン,よくいにん,ヨクイニン,漢方処方名
処方名,薏苡仁湯,薏苡仁湯,よくいにんとう,ヨクイニントウ,漢方処方名
処方名,抑肝散,抑肝散,よくかんさん,ヨクカンサン,漢方処方名
処方名,抑肝散加陳皮半夏,抑肝散加陳皮半夏,よくかんさんかちんぴはんげ,ヨクカンサンカチンピハンゲ,漢方処方名
処方名,六君子湯,六君子湯,りっくんしとう,リックンシトウ,漢方処方名
処方名,隆持源,隆持源,りゅうじげん,リュウジゲン,漢方処方名
処方名,竜胆瀉肝湯,竜胆瀉肝湯,りゅうたんしゃかんとう,リュウタンシャカントウ,漢方処方名
処方名,苓甘姜味辛夏仁湯,苓甘姜味辛夏仁湯,りょうかんきょうみしんげにんとう,リョウカンキョウミシンゲニントウ,漢方処方名
処方名,苓姜朮甘湯,苓姜朮甘湯,りょうきょうじゅつかんとう,リョウキョウジュツカントウ,漢方処方名
処方名,苓桂甘棗湯,苓桂甘棗湯,りょうけいかんそうとう,リョウケイカンソウトウ,漢方処方名
処方名,苓桂朮甘湯,苓桂朮甘湯,りょうけいじゅつかんとう,リョウケイジュツカントウ,漢方処方名
処方名,苓桂味甘湯,苓桂味甘湯,りょうけいみかんとう,リョウケイミカントウ,漢方処方名
処方名,麗沢通気湯加辛夷,麗沢通気湯加辛夷,れいたくつうきとうかしんい,レイタクツウキトウカシンイ,漢方処方名
処方名,連珠飲,連珠飲,れんじゅいん,レンジュイン,漢方処方名
処方名,六味丸,六味丸,ろくみがん,ロクミガン,漢方処方名
処方名,強心薬,強心薬,強心薬,強心薬,漢方処方名
処方名,紫根牡蠣湯,紫根牡蠣湯,紫根牡蠣湯,紫根牡蠣湯,漢方処方名
処方名,柴胡加竜骨牡蠣湯,柴胡加竜骨牡蠣湯,柴胡加竜骨牡蠣湯,柴胡加竜骨牡蠣湯,漢方処方名
処方名,柴朴湯,柴朴湯,柴朴湯,柴朴湯,漢方処方名
処方名,生薬主薬製剤,生薬主薬製剤,生薬主薬製剤,生薬主薬製剤,漢方処方名
処方名,生薬製剤,生薬製剤,生薬製剤,生薬製剤,漢方処方名
処方名,折衝飲,折衝飲,折衝飲,折衝飲,漢方処方名
処方名,鎮咳去痰薬,鎮咳去痰薬,鎮咳去痰薬,鎮咳去痰薬,漢方処方名
処方名,皮膚軟化薬,皮膚軟化薬,皮膚軟化薬,皮膚軟化薬,漢方処方名
処方名,補気健中湯,補気健中湯,補気健中湯,補気健中湯,漢方処方名
処方名,瀉下薬,瀉下薬,瀉下薬,瀉下薬,漢方処方名
生薬名,ゼラチン,阿膠,あきょう,アキョウ,配合製品数: 5
生薬名,イクリニン,郁李仁,いくりにん,イクリニン,日本薬局方生薬
生薬名,イレイセン,威霊仙,いれいせん,イレイセン,配合製品数: 3
生薬名,インチン,茗陳,いんちん,インチン,日本薬局方生薬
生薬名,インチンコウ,茗陳蒿,いんちんこう,インチンコウ,配合製品数: 4
生薬名,淫羊かく,淫羊藿,いんようかく,インヨウカク,配合製品数: 1
生薬名,ウイキョウ,茗香,ういきょう,ウイキョウ,配合製品数: 3
生薬名,ウコン,鬱金,うこん,ウコン,日本薬局方生薬
生薬名,ウバイ,烏梅,うばい,ウバイ,日本薬局方生薬
生薬名,ウヤク,烏薬,うやく,ウヤク,配合製品数: 2
生薬名,エンゴサク,延胡索,えんごさく,エンゴサク,配合製品数: 6
生薬名,オウギ,黄耆,おうぎ,オウギ,配合製品数: 26
生薬名,オウゴン,黄芩,おうごん,オウゴン,配合製品数: 70
生薬名,黄精,黄精,おうせい,オウセイ,配合製品数: 1
生薬名,オウバク,黄柏,おうばく,オウバク,配合製品数: 23
生薬名,オウヒ,桜皮,おうひ,オウヒ,配合製品数: 2
生薬名,オウレン,黄連,おうれん,オウレン,配合製品数: 31
生薬名,オンジ,遠志,おんじ,オンジ,配合製品数: 2
生薬名,ガイヨウ,艾葉,がいよう,ガイヨウ,配合製品数: 1
生薬名,カシュウ,何首烏,かしゅう,カシュウ,配合製品数: 2
生薬名,カッコウ,藿香,かっこう,カッコウ,配合製品数: 3
生薬名,カッコン,葛根,かっこん,カッコン,配合製品数: 15
生薬名,カッセキ,滑石,かっせき,カッセキ,配合製品数: 13
生薬名,カロコン,括楼根,かろこん,カロコン,配合製品数: 4
生薬名,カロニン,括楼仁,かろにん,カロニン,日本薬局方生薬
生薬名,カンキョウ,乾姜,かんきょう,カンキョウ,配合製品数: 20
生薬名,乾ジオウ,乾地黄,かんじおう,カンジオウ,配合製品数: 2
生薬名,カンゾウ,甘草,かんぞう,カンゾウ,配合製品数: 192
生薬名,桔梗,桔梗,ききょう,キキョウ,配合製品数: 1
生薬名,キクカ,菊花,きくか,キクカ,配合製品数: 9
生薬名,キコク,枳殻,きこく,キコク,配合製品数: 2
生薬名,キジツ,枳実,きじつ,キジツ,配合製品数: 27
生薬名,キッピ,橘皮,きっぴ,キッピ,配合製品数: 1
生薬名,キョウカツ,羌活,きょうかつ,キョウカツ,配合製品数: 5
生薬名,キョウニン,杏仁,きょうにん,キョウニン,配合製品数: 13
生薬名,キンギンカ,金銀花,きんぎんか,キンギンカ,配合製品数: 6
生薬名,グアヤコールスルホン酸カリウム,グアヤコールスルホン酸カリウム,ぐあやこーるするほん酸かりうむ,グアヤコールスルホン酸カリウム,配合製品数: 1
生薬名,クコシ,枸杞子,くこし,クコシ,配合製品数: 3
生薬名,クジン,苦参,くじん,クジン,配合製品数: 3
生薬名,ケイガイ,荊芥,けいがい,ケイガイ,配合製品数: 22
生薬名,ケイシ,桂枝,けいし,ケイシ,日本薬局方生薬
生薬名,ケイナイキン,鶏内金,けいないきん,ケイナイキン,日本薬局方生薬
生薬名,ケイヒ,桂皮,けいひ,ケイヒ,配合製品数: 90
生薬名,ケツメイシ,決明子,けつめいし,ケツメイシ,配合製品数: 1
生薬名,ケンゴシ,牽牛子,けんごし,ケンゴシ,日本薬局方生薬
生薬名,ゲンジン,玄参,げんじん,ゲンジン,配合製品数: 1
生薬名,コウイ,膠飴,こうい,コウイ,配合製品数: 5
生薬名,コウカ,紅花,こうか,コウカ,配合製品数: 9
生薬名,紅参,紅参,こうじん,コウジン,配合製品数: 1
生薬名,コウブシ,香附子,こうぶし,コウブシ,配合製品数: 12
生薬名,コウベイ,粳米,こうべい,コウベイ,配合製品数: 7
生薬名,コウボク,厚朴,こうぼく,コウボク,配合製品数: 24
生薬名,ゴオウ,牛黄,ごおう,ゴオウ,配合製品数: 2
生薬名,ゴカジン,五加神,ごかじん,ゴカジン,日本薬局方生薬
生薬名,ゴカヒ,五加皮,ごかひ,ゴカヒ,日本薬局方生薬
生薬名,ゴシツ,牛膝,ごしつ,ゴシツ,配合製品数: 10
生薬名,ゴシュユ,呉茱萸,ごしゅゆ,ゴシュユ,配合製品数: 9
生薬名,コツサイホ,骨砕補,こつさいほ,コツサイホ,日本薬局方生薬
生薬名,ゴボウシ,牛蒡子,ごぼうし,ゴボウシ,配合製品数: 8
生薬名,ゴマ,胡麻,ごま,ゴマ,配合製品数: 2
生薬名,ゴミシ,五味子,ごみし,ゴミシ,配合製品数: 11
生薬名,サイコ,柴胡,さいこ,サイコ,配合製品数: 46
生薬名,サイシン,細辛,さいしん,サイシン,配合製品数: 16
生薬名,サイチャ,細茶,さいちゃ,サイチャ,配合製品数: 2
生薬名,サンザシ,山査子,さんざし,サンザシ,配合製品数: 1
生薬名,サンザシン,参楂神,さんざしん,サンザシン,日本薬局方生薬
生薬名,サンシシ,山梔子,さんしし,サンシシ,配合製品数: 44
生薬名,サンシチ,三七,さんしち,サンシチ,日本薬局方生薬
生薬名,サンシュユ,山茱萸,さんしゅゆ,サンシュユ,配合製品数: 12
生薬名,サンショウ,山椒,さんしょう,サンショウ,配合製品数: 3
生薬名,サンソウニン,酸棗仁,さんそうにん,サンソウニン,配合製品数: 2
生薬名,サンヤク,山薬,さんやく,サンヤク,配合製品数: 13
生薬名,サンリョウ,三稜,さんりょう,サンリョウ,日本薬局方生薬
生薬名,ジオウ,地黄,じおう,ジオウ,配合製品数: 59
生薬名,ジコッピ,地骨皮,じこっぴ,ジコッピ,配合製品数: 1
生薬名,シコン,紫根,しこん,シコン,配合製品数: 1
生薬名,シソシ,紫蘇子,しそし,シソシ,配合製品数: 1
生薬名,シツリシ,蒺藜子,しつりし,シツリシ,配合製品数: 3
生薬名,シテイ,柿蒂,してい,シテイ,配合製品数: 1
生薬名,シベット,霊猫香,しべっと,シベット,配合製品数: 1
生薬名,シャカンゾウ,炙甘草,しゃかんぞう,シャカンゾウ,配合製品数: 1
生薬名,シャクヤク,芍薬,しゃくやく,シャクヤク,配合製品数: 119
生薬名,ジャコウ,麝香,じゃこう,ジャコウ,配合製品数: 1
生薬名,シャゼンシ,車前子,しゃぜんし,シャゼンシ,配合製品数: 11
生薬名,シャゼンソウ,車前草,しゃぜんそう,シャゼンソウ,日本薬局方生薬
生薬名,シャニン,砂仁,しゃにん,シャニン,日本薬局方生薬
生薬名,熟ジオウ,熟地黄,じゅくじおう,ジュクジオウ,配合製品数: 2
生薬名,シュクシャ,縮砂,しゅくしゃ,シュクシャ,配合製品数: 5
生薬名,ショウキョウ,生姜,しょうきょう,ショウキョウ,配合製品数: 106
生薬名,ショウジオウ,生地黄,しょうじおう,ショウジオウ,日本薬局方生薬
生薬名,ショウマ,升麻,しょうま,ショウマ,配合製品数: 14
生薬名,ジリュウ,地竜,じりゅう,ジリュウ,配合製品数: 1
生薬名,シンイ,辛夷,しんい,シンイ,配合製品数: 9
生薬名,シンキク,神麯,しんきく,シンキク,配合製品数: 1
生薬名,ジンギョウ,秦艽,じんぎょう,ジンギョウ,配合製品数: 2
生薬名,セイヒ,青皮,せいひ,セイヒ,配合製品数: 1
生薬名,セキショウブ,石菖蒲,せきしょうぶ,セキショウブ,日本薬局方生薬
生薬名,セキリュウチャ,石流茶,せきりゅうちゃ,セキリュウチャ,日本薬局方生薬
生薬名,セッコウ,セッコウ,せっこう,セッコウ,配合製品数: 27
生薬名,セッコク,石斛,せっこく,セッコク,配合製品数: 1
生薬名,センキュウ,川芎,せんきゅう,センキュウ,配合製品数: 70
生薬名,ゼンコ,前胡,ぜんこ,ゼンコ,配合製品数: 4
生薬名,センコツ,川骨,せんこつ,センコツ,配合製品数: 1
生薬名,センソ,蟾酥,せんそ,センソ,配合製品数: 1
生薬名,センタイ,蟬退,せんたい,センタイ,配合製品数: 1
生薬名,ソウキセイ,桑寄生,そうきせい,ソウキセイ,配合製品数: 2
生薬名,ソウジシ,蒼耳子,そうじし,ソウジシ,日本薬局方生薬
生薬名,ソウジュツ,蒼朮,そうじゅつ,ソウジュツ,配合製品数: 19
生薬名,ソクダン,続断,そくだん,ソクダン,日本薬局方生薬
生薬名,ソシ,蘇子,そし,ソシ,日本薬局方生薬
生薬名,ソボク,蘇木,そぼく,ソボク,配合製品数: 3
生薬名,ソヨウ,蘇葉,そよう,ソヨウ,配合製品数: 13
生薬名,ダイオウ,大黄,だいおう,ダイオウ,配合製品数: 34
生薬名,タイソウ,大棗,たいそう,タイソウ,配合製品数: 73
生薬名,ダイフクヒ,大腹皮,だいふくひ,ダイフクヒ,配合製品数: 3
生薬名,タクシャ,沢瀉,たくしゃ,タクシャ,配合製品数: 35
生薬名,タンジン,丹参,たんじん,タンジン,配合製品数: 2
生薬名,タンズシ,淡豆豉,たんずし,タンズシ,配合製品数: 4
生薬名,タンチクヨウ,淡竹葉,たんちくよう,タンチクヨウ,配合製品数: 4
生薬名,チクジョ,竹茹,ちくじょ,チクジョ,配合製品数: 1
生薬名,チクヨウ,竹葉,ちくよう,チクヨウ,配合製品数: 1
生薬名,チモ,知母,ちも,チモ,配合製品数: 14
生薬名,チョウジ,丁香,ちょうじ,チョウジ,配合製品数: 3
生薬名,チョウトウコウ,釣藤鈎,ちょうとうこう,チョウトウコウ,配合製品数: 6
生薬名,チョレイ,猪苓,ちょれい,チョレイ,配合製品数: 8
生薬名,チンピ,陳皮,ちんぴ,チンピ,配合製品数: 43
生薬名,テンカ,天花粉,てんか,テンカ,日本薬局方生薬
生薬名,デンサンシチニンジン,田三七人参,でんさんしちにんじん,デンサンシチニンジン,日本薬局方生薬
生薬名,テンナンショウ,天南星,てんなんしょう,テンナンショウ,配合製品数: 1
生薬名,テンマ,天麻,てんま,テンマ,配合製品数: 1
生薬名,テンモンドウ,天門冬,てんもんどう,テンモンドウ,配合製品数: 2
生薬名,トウガシ,冬瓜子,とうがし,トウガシ,配合製品数: 2
生薬名,トウキ,当帰,とうき,トウキ,配合製品数: 88
生薬名,トウジン,党参,とうじん,トウジン,配合製品数: 3
生薬名,トウシンソウ,燈心草,とうしんそう,トウシンソウ,配合製品数: 3
生薬名,トウドクカツ,唐独活,とうどくかつ,トウドクカツ,配合製品数: 2
生薬名,トウニン,桃仁,とうにん,トウニン,配合製品数: 16
生薬名,ドクカツ,独活,どくかつ,ドクカツ,配合製品数: 6
生薬名,トチュウ,杜仲,とちゅう,トチュウ,配合製品数: 2
生薬名,ドベッコウ,土鼈甲,どべっこう,ドベッコウ,配合製品数: 1
生薬名,南天実,南天実,なんてんじつ,ナンテンジツ,配合製品数: 1
生薬名,ニ,2,に,ニ,日本薬局方生薬
生薬名,ニッケイ,肉桂,にっけい,ニッケイ,日本薬局方生薬
生薬名,ニンジン,人参,にんじん,ニンジン,配合製品数: 58
生薬名,ニンドウ,忍冬,にんどう,ニンドウ,配合製品数: 1
生薬名,バクガ,麦芽,ばくが,バクガ,配合製品数: 2
生薬名,ハクガイシ,白芥子,ハクガイシ,ハクガイシ,配合製品数: 1
生薬名,麦門冬,麦門冬,ばくもんどう,バクモンドウ,配合製品数: 2
生薬名,ハッカ,薄荷,はっか,ハッカ,配合製品数: 27
生薬名,ハマボウフウ,浜防風,はまぼうふう,ハマボウフウ,配合製品数: 7
生薬名,ハンゲ,半夏,はんげ,ハンゲ,配合製品数: 56
生薬名,バンランコン,板藍根,ばんらんこん,バンランコン,日本薬局方生薬
生薬名,ビャクゴウ,百合,びゃくごう,ビャクゴウ,配合製品数: 5
生薬名,ビャクシ,白芷,びゃくし,ビャクシ,配合製品数: 21
生薬名,ビャクジュツ,白朮,びゃくじゅつ,ビャクジュツ,配合製品数: 65
生薬名,ビワヨウ,枇杷葉,びわよう,ビワヨウ,配合製品数: 6
生薬名,ビンロウジ,檳榔子,びんろうじ,ビンロウジ,配合製品数: 4
生薬名,フクボンシ,覆盆子,ふくぼんし,フクボンシ,日本薬局方生薬
生薬名,ブクリョウ,茯苓,ぶくりょう,ブクリョウ,配合製品数: 101
生薬名,ブシ2,附子,ぶし,ブシ,配合製品数: 1
生薬名,フジンホウ,婦人宝,ふじんほう,フジンホウ,日本薬局方生薬
生薬名,ヘンズ,扁豆,へんず,ヘンズ,配合製品数: 1
生薬名,ボウイ,防已,ぼうい,ボウイ,配合製品数: 7
生薬名,ボウフウ,防風,ぼうふう,ボウフウ,配合製品数: 26
生薬名,ホオウ,蒲黄,ほおう,ホオウ,日本薬局方生薬
生薬名,ボクソク,撲樕,ぼくそく,ボクソク,配合製品数: 1
生薬名,ホコウエイ,蒲公英,ほこうえい,ホコウエイ,日本薬局方生薬
生薬名,ホコツシ,補骨脂,ほこつし,ホコツシ,日本薬局方生薬
生薬名,ボタンピ,牡丹皮,ぼたんぴ,ボタンピ,配合製品数: 28
生薬名,ボレイ,牡蛎,ぼれい,ボレイ,配合製品数: 10
生薬名,マオウ,麻黄,まおう,マオウ,配合製品数: 38
生薬名,マシニン,麻子仁,ましにん,マシニン,配合製品数: 4
生薬名,マツ,末,まつ,マツ,日本薬局方生薬
生薬名,マンケイシ,蔓荊子,まんけいし,マンケイシ,配合製品数: 4
生薬名,ミツロウ,蜜蝋,みつろう,ミツロウ,配合製品数: 1
生薬名,無水ボウショウ,無水芒硝,むすいぼうしょう,ムスイボウショウ,配合製品数: 12
生薬名,モクツウ,木通,もくつう,モクツウ,配合製品数: 16
生薬名,モッカ,木瓜,もっか,モッカ,日本薬局方生薬
生薬名,モッコウ,木香,もっこう,モッコウ,配合製品数: 11
生薬名,モツヤク,没薬,もつやく,モツヤク,日本薬局方生薬
生薬名,ヤクモソウ,益母草,やくもそう,ヤクモソウ,配合製品数: 2
生薬名,ユウタン,熊胆,ゆうたん,ユウタン,配合製品数: 1
生薬名,ヨクイニン,薏苡仁,よくいにん,ヨクイニン,配合製品数: 6
生薬名,ヨクカンサンカチンピハンゲ,抑肝散加陳皮半夏,よくかんさんかちんぴはんげ,ヨクカンサンカチンピハンゲ,日本薬局方生薬
生薬名,リヒ,梨皮,りひ,リヒ,配合製品数: 1
生薬名,リボフラビン,リボフラビン,りぼふらびん,リボフラビン,配合製品数: 1
生薬名,リュウガンニク,竜眼肉,りゅうがんにく,リュウガンニク,配合製品数: 1
生薬名,リュウコツ,竜骨,りゅうこつ,リュウコツ,配合製品数: 3
生薬名,リュウジゲン,隆持源,りゅうじげん,リュウジゲン,日本薬局方生薬
生薬名,リュウタン,竜胆,りゅうたん,リュウタン,配合製品数: 6
生薬名,リュウノウ,竜脳,りゅうのう,リュウノウ,配合製品数: 1
生薬名,リョウキョウ,良姜,りょうきょう,リョウキョウ,配合製品数: 3
生薬名,レイタクツウキトウカシンイ,麗沢通気湯加辛夷,れいたくつうきとうかしんい,レイタクツウキトウカシンイ,日本薬局方生薬
生薬名,レイヨウカク,羚羊角,れいようかく,レイヨウカク,配合製品数: 2
生薬名,レンギョウ,連翹,れんぎょう,レンギョウ,配合製品数: 21
生薬名,レンシ,蓮子,れんし,レンシ,日本薬局方生薬
生薬名,レンニク,蓮肉,れんにく,レンニク,配合製品数: 2
生薬名,鹿茸,鹿茸,ろくじょう,ロクジョウ,配合製品数: 1
生薬名,ワキョウカツ,和羌活,わきょうかつ,ワキョウカツ,配合製品数: 3