生薬名（漢字）,生薬名（カタカナ）,読み（ひらがな）,備考
阿膠,アキョウ,あきょう,配合製品数: 5
郁李仁,イクリニン,いくりにん,日本薬局方生薬
威霊仙,イレイセン,いれいせん,配合製品数: 3
茗陳,インチン,いんちん,日本薬局方生薬
茗陳蒿,インチンコウ,いんちんこう,配合製品数: 4
淫羊藿,インヨウカク,いんようかく,配合製品数: 1
茗香,ウイキョウ,ういきょう,配合製品数: 3
鬱金,ウコン,うこん,日本薬局方生薬
烏梅,ウバイ,うばい,日本薬局方生薬
烏薬,ウヤク,うやく,配合製品数: 2
延胡索,エンゴサク,えんごさく,配合製品数: 6
黄耆,オウギ,おうぎ,配合製品数: 26
黄芩,オウゴン,おうごん,配合製品数: 70
黄精,オウセイ,おうせい,配合製品数: 1
黄柏,オウバク,おうばく,配合製品数: 23
桜皮,オウヒ,おうひ,配合製品数: 2
黄連,オウレン,おうれん,配合製品数: 31
遠志,オンジ,おんじ,配合製品数: 2
艾葉,ガイヨウ,がいよう,配合製品数: 1
何首烏,カシュウ,かしゅう,配合製品数: 2
藿香,カッコウ,かっこう,配合製品数: 3
葛根,カッコン,かっこん,配合製品数: 15
滑石,カッセキ,かっせき,配合製品数: 13
括楼根,カロコン,かろこん,配合製品数: 4
括楼仁,カロニン,かろにん,日本薬局方生薬
乾姜,カンキョウ,かんきょう,配合製品数: 20
乾地黄,カンジオウ,かんじおう,配合製品数: 2
甘草,カンゾウ,かんぞう,配合製品数: 192
桔梗,キキョウ,ききょう,配合製品数: 1
菊花,キクカ,きくか,配合製品数: 9
枳殻,キコク,きこく,配合製品数: 2
枳実,キジツ,きじつ,配合製品数: 27
橘皮,キッピ,きっぴ,配合製品数: 1
羌活,キョウカツ,きょうかつ,配合製品数: 5
杏仁,キョウニン,きょうにん,配合製品数: 13
金銀花,キンギンカ,きんぎんか,配合製品数: 6
グアヤコールスルホン酸カリウム,グアヤコールスルホン酸カリウム,ぐあやこーるするほん酸かりうむ,配合製品数: 1
枸杞子,クコシ,くこし,配合製品数: 3
苦参,クジン,くじん,配合製品数: 3
荊芥,ケイガイ,けいがい,配合製品数: 22
桂枝,ケイシ,けいし,日本薬局方生薬
鶏内金,ケイナイキン,けいないきん,日本薬局方生薬
桂皮,ケイヒ,けいひ,配合製品数: 90
決明子,ケツメイシ,けつめいし,配合製品数: 1
牽牛子,ケンゴシ,けんごし,日本薬局方生薬
玄参,ゲンジン,げんじん,配合製品数: 1
膠飴,コウイ,こうい,配合製品数: 5
紅花,コウカ,こうか,配合製品数: 9
紅参,コウジン,こうじん,配合製品数: 1
香附子,コウブシ,こうぶし,配合製品数: 12
粳米,コウベイ,こうべい,配合製品数: 7
厚朴,コウボク,こうぼく,配合製品数: 24
牛黄,ゴオウ,ごおう,配合製品数: 2
五加神,ゴカジン,ごかじん,日本薬局方生薬
五加皮,ゴカヒ,ごかひ,日本薬局方生薬
牛膝,ゴシツ,ごしつ,配合製品数: 10
呉茱萸,ゴシュユ,ごしゅゆ,配合製品数: 9
骨砕補,コツサイホ,こつさいほ,日本薬局方生薬
牛蒡子,ゴボウシ,ごぼうし,配合製品数: 8
胡麻,ゴマ,ごま,配合製品数: 2
五味子,ゴミシ,ごみし,配合製品数: 11
柴胡,サイコ,さいこ,配合製品数: 46
細辛,サイシン,さいしん,配合製品数: 16
細茶,サイチャ,さいちゃ,配合製品数: 2
山査子,サンザシ,さんざし,配合製品数: 1
参楂神,サンザシン,さんざしん,日本薬局方生薬
山梔子,サンシシ,さんしし,配合製品数: 44
三七,サンシチ,さんしち,日本薬局方生薬
山茱萸,サンシュユ,さんしゅゆ,配合製品数: 12
山椒,サンショウ,さんしょう,配合製品数: 3
酸棗仁,サンソウニン,さんそうにん,配合製品数: 2
山薬,サンヤク,さんやく,配合製品数: 13
三稜,サンリョウ,さんりょう,日本薬局方生薬
地黄,ジオウ,じおう,配合製品数: 59
地骨皮,ジコッピ,じこっぴ,配合製品数: 1
紫根,シコン,しこん,配合製品数: 1
紫蘇子,シソシ,しそし,配合製品数: 1
蒺藜子,シツリシ,しつりし,配合製品数: 3
柿蒂,シテイ,してい,配合製品数: 1
霊猫香,シベット,しべっと,配合製品数: 1
炙甘草,シャカンゾウ,しゃかんぞう,配合製品数: 1
芍薬,シャクヤク,しゃくやく,配合製品数: 119
麝香,ジャコウ,じゃこう,配合製品数: 1
車前子,シャゼンシ,しゃぜんし,配合製品数: 11
車前草,シャゼンソウ,しゃぜんそう,日本薬局方生薬
砂仁,シャニン,しゃにん,日本薬局方生薬
熟地黄,ジュクジオウ,じゅくじおう,配合製品数: 2
縮砂,シュクシャ,しゅくしゃ,配合製品数: 5
生姜,ショウキョウ,しょうきょう,配合製品数: 106
生地黄,ショウジオウ,しょうじおう,日本薬局方生薬
升麻,ショウマ,しょうま,配合製品数: 14
地竜,ジリュウ,じりゅう,配合製品数: 1
辛夷,シンイ,しんい,配合製品数: 9
神麯,シンキク,しんきく,配合製品数: 1
秦艽,ジンギョウ,じんぎょう,配合製品数: 2
青皮,セイヒ,せいひ,配合製品数: 1
石菖蒲,セキショウブ,せきしょうぶ,日本薬局方生薬
石流茶,セキリュウチャ,せきりゅうちゃ,日本薬局方生薬
セッコウ,セッコウ,せっこう,配合製品数: 27
石斛,セッコク,せっこく,配合製品数: 1
川芎,センキュウ,せんきゅう,配合製品数: 70
前胡,ゼンコ,ぜんこ,配合製品数: 4
川骨,センコツ,せんこつ,配合製品数: 1
蟾酥,センソ,せんそ,配合製品数: 1
蟬退,センタイ,せんたい,配合製品数: 1
桑寄生,ソウキセイ,そうきせい,配合製品数: 2
蒼耳子,ソウジシ,そうじし,日本薬局方生薬
蒼朮,ソウジュツ,そうじゅつ,配合製品数: 19
続断,ソクダン,そくだん,日本薬局方生薬
蘇子,ソシ,そし,日本薬局方生薬
蘇木,ソボク,そぼく,配合製品数: 3
蘇葉,ソヨウ,そよう,配合製品数: 13
大黄,ダイオウ,だいおう,配合製品数: 34
大棗,タイソウ,たいそう,配合製品数: 73
大腹皮,ダイフクヒ,だいふくひ,配合製品数: 3
沢瀉,タクシャ,たくしゃ,配合製品数: 35
丹参,タンジン,たんじん,配合製品数: 2
淡豆豉,タンズシ,たんずし,配合製品数: 4
淡竹葉,タンチクヨウ,たんちくよう,配合製品数: 4
竹茹,チクジョ,ちくじょ,配合製品数: 1
竹葉,チクヨウ,ちくよう,配合製品数: 1
知母,チモ,ちも,配合製品数: 14
丁香,チョウジ,ちょうじ,配合製品数: 3
釣藤鈎,チョウトウコウ,ちょうとうこう,配合製品数: 6
猪苓,チョレイ,ちょれい,配合製品数: 8
陳皮,チンピ,ちんぴ,配合製品数: 43
天花粉,テンカ,てんか,日本薬局方生薬
田三七人参,デンサンシチニンジン,でんさんしちにんじん,日本薬局方生薬
天南星,テンナンショウ,てんなんしょう,配合製品数: 1
天麻,テンマ,てんま,配合製品数: 1
天門冬,テンモンドウ,てんもんどう,配合製品数: 2
冬瓜子,トウガシ,とうがし,配合製品数: 2
当帰,トウキ,とうき,配合製品数: 88
党参,トウジン,とうじん,配合製品数: 3
燈心草,トウシンソウ,とうしんそう,配合製品数: 3
唐独活,トウドクカツ,とうどくかつ,配合製品数: 2
桃仁,トウニン,とうにん,配合製品数: 16
独活,ドクカツ,どくかつ,配合製品数: 6
杜仲,トチュウ,とちゅう,配合製品数: 2
土鼈甲,ドベッコウ,どべっこう,配合製品数: 1
南天実,ナンテンジツ,なんてんじつ,配合製品数: 1
2,ニ,に,日本薬局方生薬
肉桂,ニッケイ,にっけい,日本薬局方生薬
人参,ニンジン,にんじん,配合製品数: 58
忍冬,ニンドウ,にんどう,配合製品数: 1
麦芽,バクガ,ばくが,配合製品数: 2
白芥子,ハクガイシ,ハクガイシ,配合製品数: 1
麦門冬,バクモンドウ,ばくもんどう,配合製品数: 2
薄荷,ハッカ,はっか,配合製品数: 27
浜防風,ハマボウフウ,はまぼうふう,配合製品数: 7
半夏,ハンゲ,はんげ,配合製品数: 56
板藍根,バンランコン,ばんらんこん,日本薬局方生薬
百合,ビャクゴウ,びゃくごう,配合製品数: 5
白芷,ビャクシ,びゃくし,配合製品数: 21
白朮,ビャクジュツ,びゃくじゅつ,配合製品数: 65
枇杷葉,ビワヨウ,びわよう,配合製品数: 6
檳榔子,ビンロウジ,びんろうじ,配合製品数: 4
覆盆子,フクボンシ,ふくぼんし,日本薬局方生薬
茯苓,ブクリョウ,ぶくりょう,配合製品数: 101
附子,ブシ,ぶし,配合製品数: 1
婦人宝,フジンホウ,ふじんほう,日本薬局方生薬
扁豆,ヘンズ,へんず,配合製品数: 1
防已,ボウイ,ぼうい,配合製品数: 7
防風,ボウフウ,ぼうふう,配合製品数: 26
蒲黄,ホオウ,ほおう,日本薬局方生薬
撲樕,ボクソク,ぼくそく,配合製品数: 1
蒲公英,ホコウエイ,ほこうえい,日本薬局方生薬
補骨脂,ホコツシ,ほこつし,日本薬局方生薬
牡丹皮,ボタンピ,ぼたんぴ,配合製品数: 28
牡蛎,ボレイ,ぼれい,配合製品数: 10
麻黄,マオウ,まおう,配合製品数: 38
麻子仁,マシニン,ましにん,配合製品数: 4
末,マツ,まつ,日本薬局方生薬
蔓荊子,マンケイシ,まんけいし,配合製品数: 4
蜜蝋,ミツロウ,みつろう,配合製品数: 1
無水芒硝,ムスイボウショウ,むすいぼうしょう,配合製品数: 12
木通,モクツウ,もくつう,配合製品数: 16
木瓜,モッカ,もっか,日本薬局方生薬
木香,モッコウ,もっこう,配合製品数: 11
没薬,モツヤク,もつやく,日本薬局方生薬
益母草,ヤクモソウ,やくもそう,配合製品数: 2
熊胆,ユウタン,ゆうたん,配合製品数: 1
薏苡仁,ヨクイニン,よくいにん,配合製品数: 6
抑肝散加陳皮半夏,ヨクカンサンカチンピハンゲ,よくかんさんかちんぴはんげ,日本薬局方生薬
梨皮,リヒ,りひ,配合製品数: 1
リボフラビン,リボフラビン,りぼふらびん,配合製品数: 1
竜眼肉,リュウガンニク,りゅうがんにく,配合製品数: 1
竜骨,リュウコツ,りゅうこつ,配合製品数: 3
隆持源,リュウジゲン,りゅうじげん,日本薬局方生薬
竜胆,リュウタン,りゅうたん,配合製品数: 6
竜脳,リュウノウ,りゅうのう,配合製品数: 1
良姜,リョウキョウ,りょうきょう,配合製品数: 3
麗沢通気湯加辛夷,レイタクツウキトウカシンイ,れいたくつうきとうかしんい,日本薬局方生薬
羚羊角,レイヨウカク,れいようかく,配合製品数: 2
連翹,レンギョウ,れんぎょう,配合製品数: 21
蓮子,レンシ,れんし,日本薬局方生薬
蓮肉,レンニク,れんにく,配合製品数: 2
鹿茸,ロクジョウ,ろくじょう,配合製品数: 1
和羌活,ワキョウカツ,わきょうかつ,配合製品数: 3